Date,Time,Global_active_power,Income_IDR,Income_Category,Region,Lat,Lon
2006-12-16,00:00:00,126.459,19362537,Medium,Kalimantan Timur,-0.36694,117.261899
2006-12-16,01:00:00,69.222,6711171,Low,Sumatera Utara,2.954175,98.437183
2006-12-16,02:00:00,302.523,47067532,High,Sumatera Selatan,-2.656654,103.489082
2006-12-16,03:00:00,132.789,39972298,High,Jawa Tengah,-7.547712,110.370583
2006-12-16,04:00:00,103.746,35972373,High,Papua,-3.949925,136.116158
2006-12-16,05:00:00,92.978,11449040,Medium,Sumatera Utara,3.629817,99.012231
2006-12-16,06:00:00,71.179,3492747,Low,Jawa Timur,-7.358661,112.299962
2006-12-16,07:00:00,158.264,4804292,Low,Jawa Tengah,-6.919973,110.312453
2006-12-16,08:00:00,101.212,2095601,Low,Papua,-2.990218,139.577314
2006-12-16,09:00:00,50.813,2520322,Low,Bali,-8.421753,114.571077
2006-12-16,10:00:00,191.168,5770105,Low,Jakarta,-6.074219,106.753446
2006-12-16,11:00:00,71.081,6186175,Low,Jawa Tengah,-7.504475,109.460743
2006-12-16,12:00:00,57.609,6919320,Low,Jakarta,-6.152994,106.882836
2006-12-16,13:00:00,98.441,12729603,Medium,Jawa Tengah,-7.118721,109.534908
2006-12-16,14:00:00,122.728,11989772,Medium,Sumatera Selatan,-3.15742,105.238207
2006-12-16,15:00:00,131.019,26204113,High,Papua,-2.403023,134.890608
2006-12-16,16:00:00,49.752,4185743,Low,Sulawesi Selatan,-6.134287,119.117667
2006-12-16,17:00:00,55.838,5419551,Low,Sulawesi Selatan,-3.411975,119.836823
2006-12-16,18:00:00,92.856,16154797,Medium,Sumatera Utara,2.15548,98.475217
2006-12-16,19:00:00,166.385,15915447,Medium,Jawa Timur,-7.229151,111.714626
2006-12-16,20:00:00,206.89,8959925,Medium,Papua,-4.415197,140.166952
2006-12-16,21:00:00,134.195,5131306,Low,Bali,-8.241357,115.170338
2006-12-16,22:00:00,141.87,12899668,Medium,Sumatera Selatan,-4.490831,104.20123
2006-12-16,23:00:00,78.761,4056746,Low,Sumatera Utara,3.446425,98.480682
2006-12-17,00:00:00,115.934,8769331,Medium,Sumatera Utara,2.279248,98.459985
2006-12-17,01:00:00,65.517,4427608,Low,Kalimantan Timur,0.173425,116.342951
2006-12-17,02:00:00,72.107,5485499,Low,Sumatera Selatan,-3.886266,103.813731
2006-12-17,03:00:00,73.543,2035374,Low,Jawa Timur,-7.700209,112.396556
2006-12-17,04:00:00,87.138,15163795,Medium,Jakarta,-6.247161,106.803609
2006-12-17,05:00:00,90.422,3519589,Low,Jawa Tengah,-6.68668,109.364449
2006-12-17,06:00:00,336.23,43837885,High,Bali,-8.271604,114.729765
2006-12-17,07:00:00,184.432,4526661,Low,Sumatera Utara,2.083539,98.602206
2006-12-17,08:00:00,91.077,4523851,Low,Kalimantan Timur,1.540614,117.47283
2006-12-17,09:00:00,52.448,3481325,Low,Sulawesi Selatan,-5.001982,118.693727
2006-12-17,10:00:00,64.416,7833746,Low,Sumatera Selatan,-3.11344,104.134362
2006-12-17,11:00:00,196.934,5668694,Low,Bali,-8.619521,114.578052
2006-12-17,12:00:00,78.491,4549924,Low,Bali,-8.771742,115.196485
2006-12-17,13:00:00,71.118,12133003,Medium,Kalimantan Timur,0.323921,118.187437
2006-12-17,14:00:00,231.957,19597814,Medium,Jawa Tengah,-7.420943,110.603156
2006-12-17,15:00:00,54.779,4749774,Low,Sumatera Selatan,-4.290244,103.559188
2006-12-17,16:00:00,74.512,3071430,Low,Sumatera Selatan,-3.826542,103.970033
2006-12-17,17:00:00,188.976,9151158,Medium,Sumatera Selatan,-3.630702,103.475568
2006-12-17,18:00:00,82.228,3301226,Low,Jawa Tengah,-6.855982,110.629012
2006-12-17,19:00:00,71.092,15116455,Medium,Kalimantan Timur,1.38708,116.679245
2006-12-17,20:00:00,286.915,26625585,High,Sumatera Utara,3.215133,98.445936
2006-12-17,21:00:00,172.981,46019035,High,Jawa Timur,-7.400927,112.75968
2006-12-17,22:00:00,55.289,6188141,Low,Jawa Timur,-7.806509,112.382067
2006-12-17,23:00:00,76.683,7506640,Low,Jawa Barat,-6.927307,106.464419
2006-12-18,00:00:00,97.388,2304591,Low,Kalimantan Timur,0.406288,117.702998
2006-12-18,01:00:00,117.948,6163150,Low,Papua,-2.338759,134.345405
2006-12-18,02:00:00,108.612,16105612,Medium,Sumatera Utara,2.056076,98.692959
2006-12-18,03:00:00,124.829,17244893,Medium,Jawa Barat,-6.922071,108.258718
2006-12-18,04:00:00,81.549,6372609,Low,Jawa Timur,-8.219057,113.266648
2006-12-18,05:00:00,116.337,11768767,Medium,Bali,-8.310263,114.502102
2006-12-18,06:00:00,97.638,9803844,Medium,Sulawesi Selatan,-3.123546,119.041184
2006-12-18,07:00:00,47.945,2172306,Low,Jakarta,-6.067633,106.868415
2006-12-18,08:00:00,71.677,5763188,Low,Sulawesi Selatan,-3.694528,119.49086
2006-12-18,09:00:00,164.512,24314026,High,Kalimantan Timur,0.759855,117.599124
2006-12-18,10:00:00,67.307,7340334,Low,Sumatera Utara,2.711551,97.320562
2006-12-18,11:00:00,83.732,7740456,Low,Jawa Barat,-6.635969,106.773688
2006-12-18,12:00:00,208.689,11833760,Medium,Sumatera Utara,3.404072,97.132611
2006-12-18,13:00:00,91.094,19281499,Medium,Jawa Tengah,-7.262468,109.849471
2006-12-18,14:00:00,165.111,23017633,High,Jawa Timur,-7.595636,111.739043
2006-12-18,15:00:00,108.752,28887505,High,Sumatera Selatan,-4.431199,105.004177
2006-12-18,16:00:00,76.199,2406000,Low,Kalimantan Timur,0.363118,117.199251
2006-12-18,17:00:00,117.049,13904812,Medium,Sumatera Utara,3.192137,98.975176
2006-12-18,18:00:00,113.099,13304829,Medium,Sumatera Selatan,-3.057082,104.217123
2006-12-18,19:00:00,139.716,16592362,Medium,Bali,-8.412847,115.456107
2006-12-18,20:00:00,177.686,25316482,High,Papua,-2.55278,135.615831
2006-12-18,21:00:00,81.487,5233513,Low,Jakarta,-6.224439,106.733241
2006-12-18,22:00:00,171.222,38383400,High,Jawa Barat,-6.876411,107.222963
2006-12-18,23:00:00,295.454,23036071,High,Jakarta,-6.227643,106.863692
2006-12-19,00:00:00,97.614,48489782,High,Kalimantan Timur,-0.004252,117.067059
2006-12-19,01:00:00,225.588,2326436,Low,Sumatera Utara,3.228033,99.323179
2006-12-19,02:00:00,166.535,16589087,Medium,Sulawesi Selatan,-5.167477,118.84666
2006-12-19,03:00:00,84.722,4838530,Low,Jawa Timur,-8.11215,113.348817
2006-12-19,04:00:00,96.012,4280568,Low,Kalimantan Timur,0.50948,116.818088
2006-12-19,05:00:00,53.581,7675635,Low,Papua,-2.608052,138.472674
2006-12-19,06:00:00,67.808,5579849,Low,Jawa Timur,-8.150373,114.203611
2006-12-19,07:00:00,96.421,16652752,Medium,Sumatera Selatan,-2.76526,104.098451
2006-12-19,08:00:00,65.868,3830594,Low,Papua,-3.515611,134.443344
2006-12-19,09:00:00,167.73,4211678,Low,Jakarta,-6.050842,106.852301
2006-12-19,10:00:00,105.795,3548866,Low,Jawa Timur,-8.061201,114.04211
2006-12-19,11:00:00,228.291,18108323,Medium,Kalimantan Timur,0.249321,116.884468
2006-12-19,12:00:00,98.307,8339028,Medium,Jawa Timur,-8.247222,113.713383
2006-12-19,13:00:00,103.582,19238899,Medium,Jawa Barat,-6.107804,107.712389
2006-12-19,14:00:00,74.703,6084964,Low,Jawa Tengah,-7.288655,110.764959
2006-12-19,15:00:00,78.036,7781940,Low,Papua,-3.595116,134.589834
2006-12-19,16:00:00,120.762,8221305,Medium,Sumatera Selatan,-4.183558,104.490541
2006-12-19,17:00:00,57.302,2248456,Low,Sumatera Selatan,-4.34119,105.089418
2006-12-19,18:00:00,135.074,19903394,Medium,Sulawesi Selatan,-3.160259,119.502891
2006-12-19,19:00:00,53.315,3619912,Low,Sulawesi Selatan,-4.243701,120.498171
2006-12-19,20:00:00,130.475,13421756,Medium,Jawa Barat,-6.365967,107.364739
2006-12-19,21:00:00,102.186,13207343,Medium,Jakarta,-6.069772,106.705061
2006-12-19,22:00:00,70.044,6334852,Low,Jawa Timur,-8.15888,113.741729
2006-12-19,23:00:00,110.018,15067979,Medium,Jakarta,-6.24441,106.703821
2006-12-20,00:00:00,188.047,6735169,Low,Kalimantan Timur,-0.086634,116.22621
2006-12-20,01:00:00,133.821,13593079,Medium,Sumatera Selatan,-3.088577,103.384335
2006-12-20,02:00:00,121.683,19660754,Medium,Bali,-8.444519,115.588757
2006-12-20,03:00:00,168.003,10789359,Medium,Sumatera Selatan,-2.823849,104.149805
2006-12-20,04:00:00,92.966,2645799,Low,Jawa Tengah,-7.354377,109.749943
2006-12-20,05:00:00,80.312,5738577,Low,Papua,-4.098546,134.079902
2006-12-20,06:00:00,119.077,28396644,High,Jawa Barat,-6.436462,106.457192
2006-12-20,07:00:00,261.263,17040945,Medium,Sumatera Utara,2.318903,99.415483
2006-12-20,08:00:00,76.969,5716935,Low,Kalimantan Timur,-0.559356,116.038044
2006-12-20,09:00:00,122.536,6588903,Low,Sumatera Selatan,-4.39776,104.509212
2006-12-20,10:00:00,111.068,4057972,Low,Jawa Barat,-6.537687,107.455998
2006-12-20,11:00:00,95.868,3296648,Low,Sulawesi Selatan,-2.646809,119.22311
2006-12-20,12:00:00,65.474,14499860,Medium,Papua,-3.869398,139.782433
2006-12-20,13:00:00,56.986,3651817,Low,Jawa Timur,-7.699891,111.600712
2006-12-20,14:00:00,340.519,24214395,High,Jawa Timur,-7.370161,111.303412
2006-12-20,15:00:00,72.475,3549059,Low,Jawa Timur,-7.420431,112.813249
2006-12-20,16:00:00,120.91,11706402,Medium,Jakarta,-6.091187,106.91958
2006-12-20,17:00:00,83.376,17514357,Medium,Jawa Barat,-6.607232,107.711021
2006-12-20,18:00:00,160.476,6559972,Low,Sumatera Selatan,-3.237279,104.342157
2006-12-20,19:00:00,160.452,30199119,High,Jawa Tengah,-7.176097,109.467932
2006-12-20,20:00:00,271.637,32190761,High,Jakarta,-6.184396,106.738065
2006-12-20,21:00:00,116.693,6604444,Low,Jawa Tengah,-7.025064,110.009701
2006-12-20,22:00:00,165.776,12363291,Medium,Sumatera Utara,3.731797,99.072034
2006-12-20,23:00:00,76.984,6679473,Low,Jawa Tengah,-7.045992,110.541753
2006-12-21,00:00:00,98.814,4064375,Low,Papua,-2.041036,139.938612
2006-12-21,01:00:00,134.819,9249608,Medium,Kalimantan Timur,0.575015,117.928448
2006-12-21,02:00:00,91.525,5259395,Low,Jawa Barat,-6.514716,107.970068
2006-12-21,03:00:00,63.341,6218897,Low,Sumatera Utara,3.533352,98.503678
2006-12-21,04:00:00,80.25,7516125,Low,Jakarta,-6.105528,106.87326
2006-12-21,05:00:00,72.87,5996571,Low,Jakarta,-6.246014,106.754528
2006-12-21,06:00:00,75.522,2193399,Low,Papua,-2.461565,139.554758
2006-12-21,07:00:00,77.924,2628179,Low,Sumatera Utara,2.070727,98.168105
2006-12-21,08:00:00,85.593,3616555,Low,Jawa Tengah,-6.586688,110.25159
2006-12-21,09:00:00,142.576,19388624,Medium,Bali,-8.608739,115.343717
2006-12-21,10:00:00,200.156,3891202,Low,Jawa Tengah,-6.53049,110.588905
2006-12-21,11:00:00,137.61,42660661,High,Sumatera Selatan,-3.595109,104.152634
2006-12-21,12:00:00,91.998,15118474,Medium,Jakarta,-6.198223,106.802942
2006-12-21,13:00:00,76.867,7970679,Low,Jawa Barat,-6.309091,106.675786
2006-12-21,14:00:00,120.917,19181833,Medium,Jakarta,-6.230488,106.716782
2006-12-21,15:00:00,83.498,8727986,Medium,Kalimantan Timur,1.656974,117.852723
2006-12-21,16:00:00,71.404,5264094,Low,Sulawesi Selatan,-4.182058,119.81392
2006-12-21,17:00:00,72.131,5914155,Low,Kalimantan Timur,1.195352,117.652016
2006-12-21,18:00:00,86.574,3222830,Low,Kalimantan Timur,0.813548,118.089053
2006-12-21,19:00:00,110.32,18319932,Medium,Bali,-8.313252,114.53411
2006-12-21,20:00:00,64.506,4104541,Low,Sumatera Utara,3.384091,97.089091
2006-12-21,21:00:00,266.952,29126900,High,Sulawesi Selatan,-5.613861,118.500451
2006-12-21,22:00:00,90.878,3983527,Low,Kalimantan Timur,0.978084,117.485487
2006-12-21,23:00:00,60.05,3638248,Low,Jakarta,-6.173513,106.900024
2006-12-22,00:00:00,181.656,33382891,High,Jakarta,-6.065938,106.809139
2006-12-22,01:00:00,177.118,4427493,Low,Jawa Timur,-7.245924,113.296625
2006-12-22,02:00:00,277.31,39389808,High,Bali,-8.554055,114.857627
2006-12-22,03:00:00,113.164,27382568,High,Papua,-2.467694,134.460374
2006-12-22,04:00:00,149.985,13709400,Medium,Sumatera Utara,2.34703,97.483923
2006-12-22,05:00:00,244.541,46128832,High,Jakarta,-6.20527,106.741121
2006-12-22,06:00:00,217.798,36146285,High,Jakarta,-6.107968,106.782694
2006-12-22,07:00:00,165.286,4773264,Low,Papua,-4.479692,139.263945
2006-12-22,08:00:00,115.467,4004953,Low,Bali,-8.335573,114.655023
2006-12-22,09:00:00,132.413,17914695,Medium,Bali,-8.414199,115.582189
2006-12-22,10:00:00,79.855,5753348,Low,Sumatera Utara,3.405695,97.318243
2006-12-22,11:00:00,109.892,10138219,Medium,Papua,-3.136911,135.376891
2006-12-22,12:00:00,68.687,3784416,Low,Jawa Timur,-7.284464,111.641714
2006-12-22,13:00:00,211.504,6433210,Low,Kalimantan Timur,1.273816,117.589568
2006-12-22,14:00:00,152.444,2531091,Low,Jakarta,-6.130959,106.782355
2006-12-22,15:00:00,82.114,11576883,Medium,Jawa Barat,-6.813184,106.722329
2006-12-22,16:00:00,81.968,16558931,Medium,Sumatera Utara,3.044926,98.980936
2006-12-22,17:00:00,66.762,3975320,Low,Jawa Tengah,-7.247795,110.034459
2006-12-22,18:00:00,75.703,13440559,Medium,Jakarta,-6.247936,106.850215
2006-12-22,19:00:00,102.935,6409133,Low,Papua,-4.467678,140.588965
2006-12-22,20:00:00,104.045,17049641,Medium,Bali,-8.603742,115.214384
2006-12-22,21:00:00,103.81,6630132,Low,Sumatera Selatan,-3.319415,104.08843
2006-12-22,22:00:00,97.786,43095891,High,Kalimantan Timur,-0.411717,116.241848
2006-12-22,23:00:00,95.14,4417618,Low,Sulawesi Selatan,-4.623392,119.53708
2006-12-23,00:00:00,226.115,18527523,Medium,Bali,-8.673166,114.927075
2006-12-23,01:00:00,213.4,8041533,Medium,Bali,-8.261749,114.683102
2006-12-23,02:00:00,182.898,37429736,High,Jawa Barat,-5.964368,108.109954
2006-12-23,03:00:00,195.026,46246691,High,Kalimantan Timur,-0.734743,117.102037
2006-12-23,04:00:00,126.806,15144330,Medium,Jakarta,-6.070644,106.891553
2006-12-23,05:00:00,106.209,4530827,Low,Jakarta,-6.22479,106.820431
2006-12-23,06:00:00,88.6,7495036,Low,Kalimantan Timur,-0.676192,118.233321
2006-12-23,07:00:00,195.386,6439685,Low,Sumatera Selatan,-4.104335,103.788326
2006-12-23,08:00:00,340.882,37125554,High,Bali,-8.484517,115.037316
2006-12-23,09:00:00,159.324,12288511,Medium,Jawa Barat,-6.196378,107.146218
2006-12-23,10:00:00,95.231,3474008,Low,Papua,-4.32134,138.725323
2006-12-23,11:00:00,250.062,13486854,Medium,Jakarta,-6.182096,106.93291
2006-12-23,12:00:00,134.176,15671726,Medium,Sumatera Selatan,-3.488303,103.215781
2006-12-23,13:00:00,168.785,8798604,Medium,Jawa Timur,-8.088624,114.089705
2006-12-23,14:00:00,296.695,47563190,High,Bali,-8.775106,115.285706
2006-12-23,15:00:00,91.512,11680222,Medium,Kalimantan Timur,0.474521,117.634064
2006-12-23,16:00:00,198.264,35759584,High,Sumatera Utara,3.527799,97.730619
2006-12-23,17:00:00,92.498,14499531,Medium,Kalimantan Timur,-0.0942,116.182193
2006-12-23,18:00:00,90.193,7681943,Low,Sulawesi Selatan,-6.184278,118.64282
2006-12-23,19:00:00,112.591,32119891,High,Jawa Tengah,-7.562155,109.304735
2006-12-23,20:00:00,192.043,40480181,High,Sumatera Utara,2.356745,99.471367
2006-12-23,21:00:00,188.282,33187483,High,Bali,-8.330313,115.541914
2006-12-23,22:00:00,237.817,19276416,Medium,Bali,-8.561874,115.008725
2006-12-23,23:00:00,130.084,16747433,Medium,Sumatera Selatan,-2.566054,105.484396
2006-12-24,00:00:00,94.823,16515800,Medium,Jakarta,-6.160685,106.769584
2006-12-24,01:00:00,171.326,2569037,Low,Jawa Tengah,-7.29159,110.492323
2006-12-24,02:00:00,270.335,9298699,Medium,Sumatera Selatan,-3.403278,105.131631
2006-12-24,03:00:00,64.97,19079626,Medium,Jawa Tengah,-6.801238,109.231033
2006-12-24,04:00:00,72.655,7118558,Low,Papua,-4.041013,136.386731
2006-12-24,05:00:00,83.037,4742302,Low,Sulawesi Selatan,-3.349281,119.829401
2006-12-24,06:00:00,146.246,36583137,High,Kalimantan Timur,0.876262,118.291227
2006-12-24,07:00:00,92.41,7104284,Low,Jawa Tengah,-7.305637,110.42956
2006-12-24,08:00:00,79.119,7880368,Low,Bali,-8.788311,115.396501
2006-12-24,09:00:00,92.497,13068272,Medium,Sumatera Utara,2.367342,97.760383
2006-12-24,10:00:00,79.748,10005648,Medium,Papua,-3.430358,140.72444
2006-12-24,11:00:00,57.499,3737367,Low,Bali,-8.439869,115.553012
2006-12-24,12:00:00,57.366,3077120,Low,Papua,-3.082754,135.349374
2006-12-24,13:00:00,132.009,11705006,Medium,Jakarta,-6.220381,106.782829
2006-12-24,14:00:00,306.54,42037818,High,Kalimantan Timur,0.140927,116.626443
2006-12-24,15:00:00,67.556,7816405,Low,Kalimantan Timur,1.318626,116.47686
2006-12-24,16:00:00,150.204,43370710,High,Sumatera Selatan,-2.93143,104.162578
2006-12-24,17:00:00,322.611,38227640,High,Jawa Barat,-6.75197,107.141634
2006-12-24,18:00:00,77.871,18989971,Medium,Jawa Timur,-8.268491,112.107654
2006-12-24,19:00:00,63.319,6266962,Low,Jawa Barat,-6.916297,107.633741
2006-12-24,20:00:00,108.109,14972784,Medium,Jawa Tengah,-6.513949,110.229672
2006-12-24,21:00:00,145.665,9807552,Medium,Jawa Timur,-7.466845,112.195446
2006-12-24,22:00:00,93.673,7302138,Low,Bali,-8.426445,115.455778
2006-12-24,23:00:00,83.726,2266419,Low,Kalimantan Timur,-0.023339,117.962281
2006-12-25,00:00:00,133.842,10903258,Medium,Sulawesi Selatan,-3.388953,118.69113
2006-12-25,01:00:00,125.281,3911108,Low,Jawa Timur,-8.290406,111.481064
2006-12-25,02:00:00,171.888,27631521,High,Jakarta,-6.0722,106.756595
2006-12-25,03:00:00,122.511,17168461,Medium,Sulawesi Selatan,-4.917892,120.243255
2006-12-25,04:00:00,150.549,31778232,High,Jakarta,-6.183076,106.871744
2006-12-25,05:00:00,113.062,2483465,Low,Bali,-8.279632,114.981779
2006-12-25,06:00:00,206.994,37117368,High,Jakarta,-6.215989,106.931749
2006-12-25,07:00:00,172.361,10135856,Medium,Jawa Barat,-6.143156,106.893495
2006-12-25,08:00:00,150.372,25460931,High,Jawa Timur,-8.16259,113.658107
2006-12-25,09:00:00,108.07,49824022,High,Jawa Timur,-7.374865,113.858967
2006-12-25,10:00:00,140.104,16961490,Medium,Sumatera Utara,3.158165,97.36969
2006-12-25,11:00:00,98.847,3128811,Low,Sumatera Utara,3.223557,97.928954
2006-12-25,12:00:00,67.565,7325947,Low,Papua,-2.634106,138.016305
2006-12-25,13:00:00,127.913,20465275,High,Jakarta,-6.05284,106.722607
2006-12-25,14:00:00,98.282,14293488,Medium,Sumatera Utara,2.968879,99.221332
2006-12-25,15:00:00,175.941,26009741,High,Sumatera Selatan,-3.802661,104.848433
2006-12-25,16:00:00,83.764,6453673,Low,Sulawesi Selatan,-3.656385,119.249662
2006-12-25,17:00:00,83.146,3782973,Low,Jawa Barat,-6.208134,106.421926
2006-12-25,18:00:00,69.134,4659020,Low,Jawa Barat,-6.892271,107.127901
2006-12-25,19:00:00,160.69,17284822,Medium,Sulawesi Selatan,-5.752412,119.527501
2006-12-25,20:00:00,173.981,13823205,Medium,Jakarta,-6.2119,106.865274
2006-12-25,21:00:00,98.135,19993022,Medium,Jawa Tengah,-7.008257,109.030578
2006-12-25,22:00:00,82.226,11913837,Medium,Jawa Timur,-7.604551,113.921568
2006-12-25,23:00:00,220.412,19596343,Medium,Jakarta,-6.063239,106.733722
2006-12-26,00:00:00,174.899,7783771,Low,Jawa Timur,-7.836158,112.482446
2006-12-26,01:00:00,136.566,44113077,High,Jawa Barat,-5.900642,107.65587
2006-12-26,02:00:00,116.882,2688960,Low,Kalimantan Timur,-0.671422,116.094558
2006-12-26,03:00:00,171.609,25623476,High,Jakarta,-6.097206,106.941901
2006-12-26,04:00:00,121.627,24511045,High,Jawa Barat,-6.268689,106.700269
2006-12-26,05:00:00,120.681,18853406,Medium,Kalimantan Timur,1.873972,118.099175
2006-12-26,06:00:00,170.089,6414014,Low,Sumatera Selatan,-3.901907,104.939075
2006-12-26,07:00:00,212.77,3493377,Low,Kalimantan Timur,-0.41138,116.532853
2006-12-26,08:00:00,165.175,42989359,High,Sumatera Selatan,-3.23115,104.31223
2006-12-26,09:00:00,60.247,5163632,Low,Jakarta,-6.094158,106.751799
2006-12-26,10:00:00,244.386,8291805,Medium,Sulawesi Selatan,-3.526657,119.789282
2006-12-26,11:00:00,81.203,3339213,Low,Papua,-3.633889,140.340957
2006-12-26,12:00:00,216.351,27696660,High,Jawa Tengah,-7.107651,111.000945
2006-12-26,13:00:00,100.024,8720560,Medium,Sumatera Selatan,-2.687196,104.324215
2006-12-26,14:00:00,90.028,5527825,Low,Sumatera Selatan,-3.540169,103.469962
2006-12-26,15:00:00,174.43,5949720,Low,Papua,-3.727618,136.74356
2006-12-26,16:00:00,51.827,2547850,Low,Jakarta,-6.227781,106.943732
2006-12-26,17:00:00,72.911,11278945,Medium,Kalimantan Timur,0.985153,117.639587
2006-12-26,18:00:00,124.31,46559418,High,Sulawesi Selatan,-2.519868,119.807243
2006-12-26,19:00:00,212.219,9235180,Medium,Jawa Timur,-7.912867,113.631478
2006-12-26,20:00:00,98.957,3533563,Low,Jakarta,-6.090979,106.726735
2006-12-26,21:00:00,91.708,10767838,Medium,Jawa Timur,-8.217607,114.011592
2006-12-26,22:00:00,151.719,9598835,Medium,Papua,-2.195905,136.918438
2006-12-26,23:00:00,122.897,10437797,Medium,Bali,-8.277609,115.113789
2006-12-27,00:00:00,153.395,37363768,High,Jakarta,-6.245663,106.707865
2006-12-27,01:00:00,98.365,16374788,Medium,Sumatera Selatan,-3.052581,103.578388
2006-12-27,02:00:00,231.033,27933853,High,Jakarta,-6.102618,106.834601
2006-12-27,03:00:00,132.787,44214147,High,Kalimantan Timur,-0.486705,118.45186
2006-12-27,04:00:00,96.94,12703253,Medium,Jawa Barat,-6.998058,107.927162
2006-12-27,05:00:00,83.889,5737744,Low,Kalimantan Timur,-0.390353,118.276556
2006-12-27,06:00:00,237.729,27251359,High,Jawa Barat,-6.026224,107.974584
2006-12-27,07:00:00,192.132,5396723,Low,Kalimantan Timur,0.169486,116.744159
2006-12-27,08:00:00,115.892,14280853,Medium,Jawa Timur,-7.590096,113.358238
2006-12-27,09:00:00,55.367,4102353,Low,Kalimantan Timur,0.110187,117.698907
2006-12-27,10:00:00,63.036,2714908,Low,Kalimantan Timur,0.280729,117.047948
2006-12-27,11:00:00,91.52,18897972,Medium,Jawa Timur,-7.242635,111.094153
2006-12-27,12:00:00,84.599,5534591,Low,Sumatera Selatan,-2.886677,103.352747
2006-12-27,13:00:00,92.338,9237276,Medium,Sumatera Utara,2.746241,97.313861
2006-12-27,14:00:00,220.553,16351689,Medium,Jawa Tengah,-6.616995,110.023686
2006-12-27,15:00:00,277.573,35023106,High,Jawa Barat,-6.255583,106.633073
2006-12-27,16:00:00,54.639,15098984,Medium,Sumatera Utara,2.114636,97.119602
2006-12-27,17:00:00,131.177,13890846,Medium,Jawa Timur,-7.516335,111.406246
2006-12-27,18:00:00,99.711,17410524,Medium,Sumatera Utara,2.35428,97.314615
2006-12-27,19:00:00,67.553,17530623,Medium,Sumatera Selatan,-3.512824,104.2499
2006-12-27,20:00:00,179.67,14582149,Medium,Jawa Tengah,-7.292954,111.369797
2006-12-27,21:00:00,130.798,9471820,Medium,Jawa Timur,-8.171605,111.207135
2006-12-27,22:00:00,218.394,44997339,High,Jawa Barat,-6.37611,107.452571
2006-12-27,23:00:00,109.587,2428663,Low,Sumatera Utara,3.761689,98.676655
2006-12-28,00:00:00,119.927,11169908,Medium,Jawa Timur,-7.787961,113.710989
2006-12-28,01:00:00,84.182,5081101,Low,Sumatera Utara,2.313548,98.519117
2006-12-28,02:00:00,246.294,23134550,High,Bali,-8.501719,114.933201
2006-12-28,03:00:00,82.232,13037916,Medium,Jawa Tengah,-7.205636,110.931646
2006-12-28,04:00:00,82.157,9411600,Medium,Jawa Barat,-6.646399,107.898012
2006-12-28,05:00:00,107.386,32140427,High,Jawa Barat,-6.667364,106.449272
2006-12-28,06:00:00,163.231,22979634,High,Papua,-2.523508,135.856991
2006-12-28,07:00:00,244.976,13490382,Medium,Sumatera Utara,2.397687,99.358736
2006-12-28,08:00:00,165.992,3297357,Low,Jawa Timur,-7.133358,112.571275
2006-12-28,09:00:00,139.565,48509611,High,Jawa Tengah,-6.664288,109.232256
2006-12-28,10:00:00,103.352,11588921,Medium,Jawa Tengah,-7.62355,110.726072
2006-12-28,11:00:00,281.829,9591007,Medium,Sumatera Selatan,-4.098133,105.464895
2006-12-28,12:00:00,77.046,5107958,Low,Bali,-8.563049,115.230209
2006-12-28,13:00:00,184.348,27553558,High,Kalimantan Timur,1.805719,116.88443
2006-12-28,14:00:00,119.742,10522432,Medium,Bali,-8.218264,115.059366
2006-12-28,15:00:00,120.784,21076702,High,Jawa Barat,-6.130222,107.632615
2006-12-28,16:00:00,160.883,17833859,Medium,Jawa Timur,-7.036932,114.132146
2006-12-28,17:00:00,97.895,16266033,Medium,Bali,-8.649896,114.867896
2006-12-28,18:00:00,172.807,11193838,Medium,Sumatera Utara,2.7452,99.165617
2006-12-28,19:00:00,137.784,16583205,Medium,Jawa Barat,-5.907123,107.385785
2006-12-28,20:00:00,120.783,8176976,Medium,Kalimantan Timur,-0.206668,116.012133
2006-12-28,21:00:00,162.315,34576462,High,Sumatera Utara,2.228506,97.218642
2006-12-28,22:00:00,256.713,8104759,Medium,Jawa Barat,-6.06871,107.857781
2006-12-28,23:00:00,94.357,2377849,Low,Jawa Timur,-7.694858,112.194944
2006-12-29,00:00:00,165.97,5712526,Low,Jawa Barat,-6.454775,107.235432
2006-12-29,01:00:00,91.617,17879194,Medium,Kalimantan Timur,1.267054,116.377096
2006-12-29,02:00:00,59.374,5790940,Low,Papua,-2.507976,135.480872
2006-12-29,03:00:00,169.888,42690455,High,Jawa Timur,-7.298871,111.405675
2006-12-29,04:00:00,81.94,4058852,Low,Jawa Timur,-7.804354,111.193374
2006-12-29,05:00:00,94.405,11022731,Medium,Jakarta,-6.077003,106.934602
2006-12-29,06:00:00,72.798,11743903,Medium,Jawa Tengah,-7.471674,110.945509
2006-12-29,07:00:00,187.631,4641614,Low,Sulawesi Selatan,-2.852983,120.258209
2006-12-29,08:00:00,210.441,4087067,Low,Jawa Tengah,-6.522128,109.305264
2006-12-29,09:00:00,147.155,46869333,High,Jakarta,-6.082822,106.949392
2006-12-29,10:00:00,196.981,7854001,Low,Sulawesi Selatan,-2.592405,120.045013
2006-12-29,11:00:00,149.072,33059375,High,Jawa Timur,-8.215042,112.30066
2006-12-29,12:00:00,95.516,8753223,Medium,Jakarta,-6.105178,106.901031
2006-12-29,13:00:00,36.898,5872930,Low,Papua,-2.237007,137.674096
2006-12-29,14:00:00,57.557,2789689,Low,Jakarta,-6.063243,106.901377
2006-12-29,15:00:00,93.829,5103718,Low,Papua,-2.367116,135.503383
2006-12-29,16:00:00,107.45,13353026,Medium,Jawa Barat,-6.058872,106.962373
2006-12-29,17:00:00,176.593,28118643,High,Papua,-2.792859,135.565741
2006-12-29,18:00:00,76.843,12319802,Medium,Papua,-3.466885,136.823866
2006-12-29,19:00:00,269.709,14104428,Medium,Kalimantan Timur,0.720435,116.694802
2006-12-29,20:00:00,107.913,13348178,Medium,Jawa Timur,-7.243802,112.997031
2006-12-29,21:00:00,204.597,16031650,Medium,Sulawesi Selatan,-4.934167,119.399683
2006-12-29,22:00:00,126.532,31287216,High,Jawa Timur,-7.937902,111.376332
2006-12-29,23:00:00,136.868,11284471,Medium,Sumatera Selatan,-4.138914,105.417274
2006-12-30,00:00:00,199.988,20417221,High,Sumatera Utara,2.939453,99.007129
2006-12-30,01:00:00,56.444,2353128,Low,Jawa Tengah,-6.962154,109.998653
2006-12-30,02:00:00,129.815,3764918,Low,Papua,-3.653251,139.217312
2006-12-30,03:00:00,95.071,14075792,Medium,Jawa Barat,-6.510428,108.167722
2006-12-30,04:00:00,105.434,17663324,Medium,Sulawesi Selatan,-4.867436,120.354902
2006-12-30,05:00:00,103.923,11451302,Medium,Papua,-2.036575,135.917622
2006-12-30,06:00:00,185.477,3610402,Low,Papua,-2.6153,137.992903
2006-12-30,07:00:00,201.082,3696238,Low,Papua,-2.024424,137.623536
2006-12-30,08:00:00,94.49,5890057,Low,Sumatera Utara,3.638389,98.599511
2006-12-30,09:00:00,113.614,19831799,Medium,Jawa Timur,-8.058109,112.72803
2006-12-30,10:00:00,182.082,18478463,Medium,Jawa Timur,-7.911838,112.714849
2006-12-30,11:00:00,86.344,5278855,Low,Jawa Tengah,-7.130634,110.858102
2006-12-30,12:00:00,131.026,22394508,High,Jawa Barat,-6.612284,106.450006
2006-12-30,13:00:00,117.049,43799767,High,Sumatera Selatan,-3.325847,104.591596
2006-12-30,14:00:00,97.795,4991248,Low,Jawa Barat,-6.837965,108.237977
2006-12-30,15:00:00,251.801,44389690,High,Jakarta,-6.143869,106.873995
2006-12-30,16:00:00,143.492,17668801,Medium,Kalimantan Timur,0.363478,117.188025
2006-12-30,17:00:00,75.039,5773004,Low,Papua,-2.204297,135.334352
2006-12-30,18:00:00,96.801,5592979,Low,Jawa Barat,-6.84295,107.109045
2006-12-30,19:00:00,85.737,6536583,Low,Papua,-3.38594,138.907441
2006-12-30,20:00:00,152.614,7262354,Low,Kalimantan Timur,0.539937,117.349561
2006-12-30,21:00:00,69.664,7195698,Low,Kalimantan Timur,0.55552,117.111316
2006-12-30,22:00:00,180.172,19115494,Medium,Papua,-4.02905,134.497408
2006-12-30,23:00:00,195.16,18427140,Medium,Jakarta,-6.092532,106.887773
2006-12-31,00:00:00,83.835,2307557,Low,Bali,-8.244792,114.622865
2006-12-31,01:00:00,149.945,22966094,High,Bali,-8.795726,115.126095
2006-12-31,02:00:00,188.949,34244092,High,Jakarta,-6.101265,106.765293
2006-12-31,03:00:00,93.174,17442422,Medium,Sulawesi Selatan,-2.881126,120.192305
2006-12-31,04:00:00,92.938,2170210,Low,Kalimantan Timur,0.810754,116.097981
2006-12-31,05:00:00,128.421,2967339,Low,Jawa Timur,-7.973389,114.17016
2006-12-31,06:00:00,83.483,15982506,Medium,Jawa Timur,-8.035214,114.20895
2006-12-31,07:00:00,231.33,20747196,High,Sumatera Utara,3.228014,98.027542
2006-12-31,08:00:00,68.416,7133677,Low,Jawa Timur,-7.292825,111.995807
2006-12-31,09:00:00,72.484,14375016,Medium,Bali,-8.594554,115.035888
2006-12-31,10:00:00,96.8,13241480,Medium,Sumatera Selatan,-3.405859,104.449978
2006-12-31,11:00:00,249.987,17780203,Medium,Jawa Barat,-5.940594,108.185487
2006-12-31,12:00:00,34.619,6770913,Low,Jawa Timur,-7.87088,113.5875
2006-12-31,13:00:00,155.356,25093562,High,Jawa Tengah,-7.198969,109.797685
2006-12-31,14:00:00,101.093,3901731,Low,Sumatera Utara,3.305189,97.842352
2006-12-31,15:00:00,85.231,19002602,Medium,Kalimantan Timur,-0.600899,118.031348
2006-12-31,16:00:00,98.04,3676243,Low,Sumatera Utara,2.847017,97.263472
2006-12-31,17:00:00,145.969,22336198,High,Sulawesi Selatan,-2.795587,119.904265
2006-12-31,18:00:00,140.413,33387909,High,Jawa Barat,-6.746922,106.761249
2006-12-31,19:00:00,76.742,8158234,Medium,Jawa Barat,-6.694116,107.90933
2006-12-31,20:00:00,98.632,10076307,Medium,Jawa Barat,-5.965656,107.48042
2006-12-31,21:00:00,112.588,13162992,Medium,Bali,-8.225432,114.714488
2006-12-31,22:00:00,94.648,16270837,Medium,Jawa Barat,-6.093276,107.156598
2006-12-31,23:00:00,184.732,2457608,Low,Sumatera Selatan,-2.665156,103.285246
2007-01-01,00:00:00,209.759,8365555,Medium,Jawa Barat,-6.801922,107.554885
2007-01-01,01:00:00,96.914,48687976,High,Sumatera Selatan,-4.394464,104.753332
2007-01-01,02:00:00,141.356,24387937,High,Papua,-4.231271,136.658035
2007-01-01,03:00:00,82.926,9458254,Medium,Jawa Barat,-6.974076,107.764207
2007-01-01,04:00:00,87.828,16175856,Medium,Jakarta,-6.174288,106.827865
2007-01-01,05:00:00,151.769,15698319,Medium,Jawa Timur,-7.972576,111.679035
2007-01-01,06:00:00,137.414,12856085,Medium,Bali,-8.238415,115.265392
2007-01-01,07:00:00,164.457,2030028,Low,Sulawesi Selatan,-4.434145,119.992935
2007-01-01,08:00:00,154.437,4496135,Low,Bali,-8.213892,114.516008
2007-01-01,09:00:00,133.312,46458214,High,Jawa Tengah,-7.261346,110.616313
2007-01-01,10:00:00,98.52,25962034,High,Jakarta,-6.120825,106.904623
2007-01-01,11:00:00,128.616,5685672,Low,Jakarta,-6.088029,106.944681
2007-01-01,12:00:00,91.213,4558482,Low,Sumatera Selatan,-3.021541,105.054449
2007-01-01,13:00:00,93.38,11275720,Medium,Sumatera Selatan,-2.847294,104.272374
2007-01-01,14:00:00,61.15,6166929,Low,Bali,-8.460473,114.838732
2007-01-01,15:00:00,107.009,15770157,Medium,Jawa Barat,-6.845407,106.786643
2007-01-01,16:00:00,145.732,45733747,High,Jakarta,-6.133579,106.786511
2007-01-01,17:00:00,78.398,5029046,Low,Sumatera Selatan,-3.04485,105.400551
2007-01-01,18:00:00,142.135,27787631,High,Sumatera Selatan,-3.975297,105.3406
2007-01-01,19:00:00,173.218,18336281,Medium,Jakarta,-6.205822,106.933048
2007-01-01,20:00:00,141.708,13485799,Medium,Jakarta,-6.229947,106.872466
2007-01-01,21:00:00,96.513,7679020,Low,Jakarta,-6.062495,106.90374
2007-01-01,22:00:00,59.137,6772059,Low,Jawa Tengah,-7.592725,111.315834
2007-01-01,23:00:00,103.181,13417448,Medium,Sumatera Selatan,-2.724293,103.736681
2007-01-02,00:00:00,152.902,14707020,Medium,Sumatera Utara,3.043916,99.478089
2007-01-02,01:00:00,138.648,3646853,Low,Sumatera Selatan,-4.065129,104.591611
2007-01-02,02:00:00,122.837,11350889,Medium,Jakarta,-6.206031,106.800827
2007-01-02,03:00:00,102.701,9628166,Medium,Jawa Timur,-8.295809,113.958677
2007-01-02,04:00:00,103.463,8432362,Medium,Sumatera Selatan,-4.357957,104.839945
2007-01-02,05:00:00,139.966,36131946,High,Jawa Barat,-6.828948,107.660737
2007-01-02,06:00:00,232.743,10622601,Medium,Papua,-4.471299,135.739954
2007-01-02,07:00:00,104.432,28988790,High,Kalimantan Timur,0.406971,116.92448
2007-01-02,08:00:00,145.14,36999241,High,Sulawesi Selatan,-2.767124,118.862548
2007-01-02,09:00:00,129.966,10208049,Medium,Jawa Barat,-6.420871,107.099116
2007-01-02,10:00:00,91.482,9627426,Medium,Papua,-4.090725,138.732002
2007-01-02,11:00:00,310.257,47840220,High,Sumatera Selatan,-3.114165,105.266334
2007-01-02,12:00:00,160.364,5772332,Low,Bali,-8.75302,115.110032
2007-01-02,13:00:00,111.012,13576643,Medium,Sulawesi Selatan,-5.090192,120.054581
2007-01-02,14:00:00,178.613,29981162,High,Jawa Barat,-6.851073,107.586001
2007-01-02,15:00:00,76.048,9752869,Medium,Jakarta,-6.198619,106.730299
2007-01-02,16:00:00,131.054,29535815,High,Sulawesi Selatan,-2.9786,119.036422
2007-01-02,17:00:00,53.427,6589393,Low,Sumatera Utara,2.701497,98.806351
2007-01-02,18:00:00,69.761,4002001,Low,Jawa Timur,-7.811892,112.697764
2007-01-02,19:00:00,137.229,25535836,High,Sumatera Selatan,-4.347577,103.137376
2007-01-02,20:00:00,115.683,46336715,High,Jawa Timur,-7.606084,111.668797
2007-01-02,21:00:00,59.819,4809850,Low,Sumatera Selatan,-4.369211,103.860121
2007-01-02,22:00:00,78.276,2052326,Low,Jawa Barat,-5.958908,106.930238
2007-01-02,23:00:00,130.855,14501791,Medium,Papua,-2.789247,135.024805
2007-01-03,00:00:00,71.137,18351175,Medium,Jakarta,-6.067386,106.739746
2007-01-03,01:00:00,155.196,44954051,High,Sumatera Utara,2.823842,97.881703
2007-01-03,02:00:00,161.998,27611243,High,Sumatera Selatan,-3.145849,104.685709
2007-01-03,03:00:00,95.073,5659195,Low,Kalimantan Timur,-0.085705,116.389662
2007-01-03,04:00:00,72.251,11927492,Medium,Papua,-3.632919,138.088012
2007-01-03,05:00:00,57.394,13118205,Medium,Jawa Timur,-7.885664,113.029101
2007-01-03,06:00:00,157.317,22013946,High,Kalimantan Timur,1.176283,117.196055
2007-01-03,07:00:00,73.114,2795175,Low,Sumatera Utara,2.722221,97.219933
2007-01-03,08:00:00,68.443,18047357,Medium,Papua,-2.787554,134.088252
2007-01-03,09:00:00,151.1,43141249,High,Jawa Barat,-5.9345,106.642031
2007-01-03,10:00:00,199.544,45390203,High,Jawa Tengah,-7.519721,110.299032
2007-01-03,11:00:00,90.955,16705163,Medium,Papua,-3.320493,140.597414
2007-01-03,12:00:00,103.836,15696341,Medium,Papua,-4.473139,134.230971
2007-01-03,13:00:00,267.291,40348696,High,Jawa Barat,-6.797234,107.313172
2007-01-03,14:00:00,299.985,31752729,High,Jawa Timur,-7.939027,112.030221
2007-01-03,15:00:00,84.113,10345863,Medium,Bali,-8.566187,115.434208
2007-01-03,16:00:00,97.439,30695047,High,Jawa Tengah,-7.447535,109.962284
2007-01-03,17:00:00,66.988,15096770,Medium,Kalimantan Timur,-0.565699,116.239387
2007-01-03,18:00:00,152.904,42599879,High,Sumatera Utara,3.385452,97.788057
2007-01-03,19:00:00,65.899,2885385,Low,Bali,-8.396282,115.299635
2007-01-03,20:00:00,132.887,12740924,Medium,Jawa Timur,-7.52193,111.486497
2007-01-03,21:00:00,60.994,12370731,Medium,Jawa Timur,-7.988145,111.182883
2007-01-03,22:00:00,120.498,5097656,Low,Sumatera Utara,2.169946,99.482095
2007-01-03,23:00:00,82.65,4867354,Low,Jawa Tengah,-6.943534,109.908891
2007-01-04,00:00:00,128.275,11018202,Medium,Bali,-8.462516,115.065488
2007-01-04,01:00:00,97.772,3044872,Low,Jawa Timur,-7.690974,111.550966
2007-01-04,02:00:00,94.994,9743892,Medium,Jawa Timur,-7.495116,112.892824
2007-01-04,03:00:00,88.552,18803152,Medium,Jakarta,-6.226079,106.745008
2007-01-04,04:00:00,149.611,17926261,Medium,Papua,-3.007247,135.06549
2007-01-04,05:00:00,102.85,4651933,Low,Jawa Timur,-8.04788,112.132902
2007-01-04,06:00:00,77.233,11151847,Medium,Jawa Tengah,-7.141694,110.572531
2007-01-04,07:00:00,146.22,7613550,Low,Sulawesi Selatan,-3.013249,119.249761
2007-01-04,08:00:00,87.583,4950676,Low,Jawa Barat,-6.900382,107.111225
2007-01-04,09:00:00,96.817,33403887,High,Jakarta,-6.160713,106.915326
2007-01-04,10:00:00,128.738,37346244,High,Jawa Tengah,-7.506726,109.080819
2007-01-04,11:00:00,129.884,10362998,Medium,Jawa Barat,-6.690707,107.725297
2007-01-04,12:00:00,54.521,7425412,Low,Sumatera Utara,2.238483,98.344114
2007-01-04,13:00:00,93.93,10279609,Medium,Jakarta,-6.094458,106.733114
2007-01-04,14:00:00,113.817,29727450,High,Jakarta,-6.138454,106.889176
2007-01-04,15:00:00,73.336,9972167,Medium,Papua,-3.644944,140.949735
2007-01-04,16:00:00,71.396,3811203,Low,Jakarta,-6.064422,106.866789
2007-01-04,17:00:00,121.321,42950868,High,Sulawesi Selatan,-3.5551,119.773434
2007-01-04,18:00:00,168.197,13189241,Medium,Jakarta,-6.068098,106.888343
2007-01-04,19:00:00,89.909,15509748,Medium,Sumatera Utara,3.688015,98.381807
2007-01-04,20:00:00,99.504,12611732,Medium,Sumatera Selatan,-2.782971,103.095301
2007-01-04,21:00:00,88.201,15939246,Medium,Sulawesi Selatan,-5.312657,119.297596
2007-01-04,22:00:00,99.513,13661099,Medium,Sulawesi Selatan,-4.928276,119.219095
2007-01-04,23:00:00,91.622,6707529,Low,Sulawesi Selatan,-5.609534,119.645376
2007-01-05,00:00:00,116.035,16944022,Medium,Jakarta,-6.113984,106.880661
2007-01-05,01:00:00,80.362,6994745,Low,Sulawesi Selatan,-4.014436,118.695897
2007-01-05,02:00:00,200.523,10923618,Medium,Jawa Tengah,-6.576506,109.959911
2007-01-05,03:00:00,95.566,7487555,Low,Jawa Barat,-6.653397,107.656737
2007-01-05,04:00:00,72.434,8119419,Medium,Papua,-3.831104,134.67925
2007-01-05,05:00:00,100.999,7374728,Low,Jawa Barat,-6.028608,107.358814
2007-01-05,06:00:00,69.621,2012316,Low,Sulawesi Selatan,-4.445261,119.644826
2007-01-05,07:00:00,269.348,47780954,High,Kalimantan Timur,-0.137217,117.278328
2007-01-05,08:00:00,151.648,6098864,Low,Jakarta,-6.06613,106.879462
2007-01-05,09:00:00,144.318,7713145,Low,Kalimantan Timur,0.416869,116.684872
2007-01-05,10:00:00,116.113,33719632,High,Sulawesi Selatan,-5.719397,119.426336
2007-01-05,11:00:00,121.112,14848940,Medium,Papua,-2.804711,138.803726
2007-01-05,12:00:00,100.084,17817546,Medium,Sumatera Selatan,-3.334666,103.7474
2007-01-05,13:00:00,130.905,31568253,High,Bali,-8.503807,115.080855
2007-01-05,14:00:00,58.325,7951145,Low,Jakarta,-6.214283,106.730205
2007-01-05,15:00:00,84.624,13348222,Medium,Sumatera Utara,2.813068,99.281257
2007-01-05,16:00:00,52.931,3667242,Low,Sulawesi Selatan,-5.92786,119.462869
2007-01-05,17:00:00,109.506,32418606,High,Jawa Timur,-7.912272,111.644851
2007-01-05,18:00:00,148.174,27757869,High,Jawa Barat,-6.4316,107.128086
2007-01-05,19:00:00,297.117,30387902,High,Kalimantan Timur,-0.163559,116.681717
2007-01-05,20:00:00,194.091,15968684,Medium,Sumatera Utara,3.101461,98.672826
2007-01-05,21:00:00,67.207,2032725,Low,Sumatera Selatan,-3.334798,104.81837
2007-01-05,22:00:00,163.143,42124169,High,Sulawesi Selatan,-3.864663,120.413296
2007-01-05,23:00:00,84.34,5707460,Low,Jakarta,-6.13008,106.843354
2007-01-06,00:00:00,224.016,24916809,High,Sumatera Utara,2.874497,98.085615
2007-01-06,01:00:00,89.253,3977108,Low,Sumatera Utara,3.270362,97.060421
2007-01-06,02:00:00,83.936,7587513,Low,Sumatera Selatan,-3.6902,103.096514
2007-01-06,03:00:00,143.706,28563599,High,Bali,-8.366334,114.824677
2007-01-06,04:00:00,80.246,6014125,Low,Jawa Tengah,-6.635715,111.220729
2007-01-06,05:00:00,80.926,6519602,Low,Kalimantan Timur,0.31007,118.17893
2007-01-06,06:00:00,97.187,8664356,Medium,Jakarta,-6.183781,106.866731
2007-01-06,07:00:00,84.249,10146010,Medium,Jawa Barat,-6.058354,107.628535
2007-01-06,08:00:00,187.673,16922509,Medium,Jawa Barat,-6.045289,108.298992
2007-01-06,09:00:00,111.103,5723731,Low,Sulawesi Selatan,-3.87675,119.054263
2007-01-06,10:00:00,114.186,2914162,Low,Jawa Barat,-6.361741,107.589791
2007-01-06,11:00:00,209.38,2763479,Low,Jawa Tengah,-7.285359,109.114435
2007-01-06,12:00:00,290.432,23511775,High,Sumatera Selatan,-3.350798,103.540749
2007-01-06,13:00:00,67.22,4489714,Low,Bali,-8.330881,115.571584
2007-01-06,14:00:00,51.395,5347210,Low,Kalimantan Timur,-0.574065,116.475615
2007-01-06,15:00:00,54.653,3906270,Low,Jawa Timur,-7.391809,111.581461
2007-01-06,16:00:00,78.416,12299781,Medium,Jawa Tengah,-6.611241,110.589501
2007-01-06,17:00:00,82.026,17427629,Medium,Jakarta,-6.143834,106.90231
2007-01-06,18:00:00,112.829,41443543,High,Jawa Tengah,-6.721866,110.810867
2007-01-06,19:00:00,169.452,15478571,Medium,Bali,-8.77891,115.504307
2007-01-06,20:00:00,89.197,49380526,High,Papua,-2.377385,135.38802
2007-01-06,21:00:00,173.795,15768660,Medium,Bali,-8.315132,115.21675
2007-01-06,22:00:00,137.863,23628290,High,Sulawesi Selatan,-5.98691,119.37071
2007-01-06,23:00:00,119.262,44551238,High,Jawa Timur,-7.571101,113.123186
2007-01-07,00:00:00,152.629,10537590,Medium,Jawa Tengah,-7.551374,109.27804
2007-01-07,01:00:00,76.633,4481525,Low,Sulawesi Selatan,-4.372942,119.378642
2007-01-07,02:00:00,62.159,7321751,Low,Jakarta,-6.224364,106.851366
2007-01-07,03:00:00,63.441,6845230,Low,Jakarta,-6.159125,106.830245
2007-01-07,04:00:00,95.991,45004175,High,Jakarta,-6.221233,106.840476
2007-01-07,05:00:00,63.487,5533666,Low,Papua,-2.039859,137.927968
2007-01-07,06:00:00,91.951,8410765,Medium,Jakarta,-6.113887,106.885396
2007-01-07,07:00:00,217.218,13505490,Medium,Jakarta,-6.05578,106.869727
2007-01-07,08:00:00,161.449,28667425,High,Jawa Timur,-7.800767,111.575549
2007-01-07,09:00:00,180.13,34995498,High,Kalimantan Timur,0.956063,117.237784
2007-01-07,10:00:00,191.232,25009495,High,Papua,-4.329959,134.020431
2007-01-07,11:00:00,79.941,3001505,Low,Sulawesi Selatan,-4.701383,118.52052
2007-01-07,12:00:00,126.526,30370077,High,Bali,-8.79301,115.468238
2007-01-07,13:00:00,160.031,12221346,Medium,Sumatera Selatan,-2.705178,104.023558
2007-01-07,14:00:00,167.7,41532652,High,Sumatera Utara,2.11318,97.476938
2007-01-07,15:00:00,79.422,9910962,Medium,Papua,-2.860049,139.975786
2007-01-07,16:00:00,73.67,6655718,Low,Sumatera Utara,3.695952,98.683214
2007-01-07,17:00:00,170.532,49258367,High,Jakarta,-6.117469,106.817539
2007-01-07,18:00:00,251.626,40851560,High,Jakarta,-6.238851,106.831926
2007-01-07,19:00:00,58.133,4316410,Low,Jawa Timur,-7.703846,114.254625
2007-01-07,20:00:00,112.17,15241247,Medium,Sumatera Selatan,-3.587749,104.994657
2007-01-07,21:00:00,72.366,19648642,Medium,Sumatera Selatan,-4.114335,104.833212
2007-01-07,22:00:00,136.113,48657433,High,Papua,-2.268137,137.367751
2007-01-07,23:00:00,247.047,43905318,High,Sulawesi Selatan,-2.824966,119.325228
2007-01-08,00:00:00,56.683,2528974,Low,Sumatera Selatan,-3.19677,104.187051
2007-01-08,01:00:00,114.946,13805781,Medium,Sulawesi Selatan,-5.010007,119.349533
2007-01-08,02:00:00,76.099,17853832,Medium,Jakarta,-6.168727,106.856201
2007-01-08,03:00:00,117.153,33065801,High,Sulawesi Selatan,-3.075516,120.367921
2007-01-08,04:00:00,74.659,4007397,Low,Sumatera Selatan,-3.675208,104.813427
2007-01-08,05:00:00,77.234,11471064,Medium,Kalimantan Timur,-0.594255,117.309182
2007-01-08,06:00:00,69.204,16323510,Medium,Kalimantan Timur,-0.620306,116.805942
2007-01-08,07:00:00,96.103,18733086,Medium,Bali,-8.272688,115.305059
2007-01-08,08:00:00,80.345,24821138,High,Sumatera Selatan,-2.921655,103.115519
2007-01-08,09:00:00,217.177,20997829,High,Sulawesi Selatan,-4.373136,119.788645
2007-01-08,10:00:00,147.796,39937624,High,Sumatera Utara,3.363981,97.810156
2007-01-08,11:00:00,69.183,16561914,Medium,Jawa Tengah,-7.650574,110.400232
2007-01-08,12:00:00,59.874,5362151,Low,Sulawesi Selatan,-5.677073,119.503144
2007-01-08,13:00:00,69.24,2449258,Low,Sulawesi Selatan,-3.396065,118.885193
2007-01-08,14:00:00,115.1,27174016,High,Jakarta,-6.083972,106.749604
2007-01-08,15:00:00,78.308,2579637,Low,Papua,-2.374399,138.254799
2007-01-08,16:00:00,43.676,2255761,Low,Jawa Tengah,-6.722512,110.085557
2007-01-08,17:00:00,149.759,19892495,Medium,Papua,-2.528114,138.12783
2007-01-08,18:00:00,132.085,3480817,Low,Papua,-2.643592,138.003367
2007-01-08,19:00:00,50.696,2640390,Low,Jakarta,-6.12255,106.871834
2007-01-08,20:00:00,135.017,24690861,High,Jawa Tengah,-6.944336,110.530108
2007-01-08,21:00:00,107.366,19729035,Medium,Sumatera Selatan,-4.462003,104.549211
2007-01-08,22:00:00,247.029,38695676,High,Jawa Barat,-5.904586,106.76725
2007-01-08,23:00:00,50.577,6381149,Low,Sulawesi Selatan,-2.711312,119.377881
2007-01-09,00:00:00,152.665,13534713,Medium,Jawa Tengah,-7.234379,109.480451
2007-01-09,01:00:00,52.674,2545464,Low,Papua,-3.709966,138.492118
2007-01-09,02:00:00,166.625,3312010,Low,Sulawesi Selatan,-3.699813,119.670639
2007-01-09,03:00:00,99.857,2339301,Low,Sumatera Selatan,-4.401271,103.052011
2007-01-09,04:00:00,116.569,21451919,High,Jakarta,-6.119189,106.769445
2007-01-09,05:00:00,122.004,23334859,High,Bali,-8.591693,114.905187
2007-01-09,06:00:00,67.618,11329393,Medium,Sumatera Utara,3.190057,97.389187
2007-01-09,07:00:00,151.279,47539449,High,Bali,-8.783614,114.858755
2007-01-09,08:00:00,140.258,6367987,Low,Sulawesi Selatan,-4.678973,119.941709
2007-01-09,09:00:00,175.469,5298312,Low,Sumatera Utara,3.25788,98.143422
2007-01-09,10:00:00,173.41,40357554,High,Jakarta,-6.211798,106.874738
2007-01-09,11:00:00,87.827,2675194,Low,Jawa Tengah,-6.713492,109.936849
2007-01-09,12:00:00,127.697,48066997,High,Kalimantan Timur,1.751383,118.110756
2007-01-09,13:00:00,77.999,4636360,Low,Papua,-4.327817,138.363813
2007-01-09,14:00:00,76.531,6964779,Low,Sumatera Selatan,-3.641091,104.269795
2007-01-09,15:00:00,56.936,5335057,Low,Sumatera Selatan,-3.024555,105.110585
2007-01-09,16:00:00,100.085,36979666,High,Jawa Tengah,-6.717645,109.850634
2007-01-09,17:00:00,80.115,7264789,Low,Jakarta,-6.17332,106.821568
2007-01-09,18:00:00,68.066,7477357,Low,Sulawesi Selatan,-5.536085,119.677705
2007-01-09,19:00:00,63.667,10705281,Medium,Jakarta,-6.19297,106.887235
2007-01-09,20:00:00,73.391,15925365,Medium,Jawa Timur,-7.22609,113.204909
2007-01-09,21:00:00,177.061,43196244,High,Bali,-8.308333,114.961422
2007-01-09,22:00:00,96.179,11112677,Medium,Jawa Tengah,-6.512453,111.002252
2007-01-09,23:00:00,103.915,9997591,Medium,Papua,-3.257146,138.675445
2007-01-10,00:00:00,66.644,12308755,Medium,Papua,-3.038964,138.592927
2007-01-10,01:00:00,88.188,13269485,Medium,Jawa Tengah,-6.869045,109.749902
2007-01-10,02:00:00,157.652,14126003,Medium,Jakarta,-6.130377,106.87285
2007-01-10,03:00:00,65.776,47213350,High,Sumatera Utara,3.02126,97.303023
2007-01-10,04:00:00,71.732,6471001,Low,Sumatera Selatan,-2.55006,105.357446
2007-01-10,05:00:00,86.965,12577142,Medium,Kalimantan Timur,0.877312,117.281275
2007-01-10,06:00:00,59.886,3371996,Low,Sulawesi Selatan,-4.20345,119.487456
2007-01-10,07:00:00,161.124,49620958,High,Sumatera Selatan,-2.945345,103.386034
2007-01-10,08:00:00,168.677,26521712,High,Bali,-8.438777,114.63378
2007-01-10,09:00:00,146.406,6214450,Low,Jawa Tengah,-6.535562,109.618415
2007-01-10,10:00:00,299.636,23791941,High,Papua,-3.563335,139.513644
2007-01-10,11:00:00,65.208,2331583,Low,Jawa Tengah,-6.703896,109.308707
2007-01-10,12:00:00,199.396,21520323,High,Jawa Barat,-6.395241,107.06217
2007-01-10,13:00:00,81.024,12287070,Medium,Sumatera Selatan,-3.651767,103.724761
2007-01-10,14:00:00,89.47,14157384,Medium,Papua,-3.636063,137.296409
2007-01-10,15:00:00,58.289,11000745,Medium,Sumatera Selatan,-3.775407,104.267728
2007-01-10,16:00:00,80.924,12164186,Medium,Jakarta,-6.176587,106.741188
2007-01-10,17:00:00,134.469,7518256,Low,Papua,-2.925289,139.629971
2007-01-10,18:00:00,146.729,4052584,Low,Jakarta,-6.082506,106.878865
2007-01-10,19:00:00,44.093,16494078,Medium,Bali,-8.51713,114.506125
2007-01-10,20:00:00,91.818,15095894,Medium,Sulawesi Selatan,-5.178802,118.789502
2007-01-10,21:00:00,112.793,40587898,High,Jawa Tengah,-7.558846,110.265306
2007-01-10,22:00:00,92.359,11396437,Medium,Sulawesi Selatan,-3.814806,120.228478
2007-01-10,23:00:00,117.91,19554677,Medium,Sulawesi Selatan,-2.776698,119.245897
2007-01-11,00:00:00,134.396,46766598,High,Kalimantan Timur,0.876995,117.366153
2007-01-11,01:00:00,123.763,30076896,High,Kalimantan Timur,0.129891,117.73215
2007-01-11,02:00:00,119.707,16962363,Medium,Bali,-8.633591,114.83122
2007-01-11,03:00:00,72.198,9306019,Medium,Sulawesi Selatan,-4.415535,118.846116
2007-01-11,04:00:00,200.499,28351256,High,Papua,-3.970377,135.977237
2007-01-11,05:00:00,87.278,10462705,Medium,Sulawesi Selatan,-3.622009,120.141973
2007-01-11,06:00:00,145.456,32451617,High,Bali,-8.654163,115.315533
2007-01-11,07:00:00,130.834,19103614,Medium,Sumatera Utara,3.731,98.571537
2007-01-11,08:00:00,182.338,15507001,Medium,Jawa Barat,-6.52375,106.34605
2007-01-11,09:00:00,98.067,8096011,Medium,Sumatera Selatan,-3.228601,103.931104
2007-01-11,10:00:00,76.284,3693116,Low,Sumatera Selatan,-4.04429,104.88001
2007-01-11,11:00:00,50.429,6488678,Low,Sumatera Utara,2.678079,97.820836
2007-01-11,12:00:00,70.379,41494556,High,Sumatera Selatan,-3.272159,104.604762
2007-01-11,13:00:00,184.289,18838547,Medium,Jawa Timur,-7.349378,111.655699
2007-01-11,14:00:00,43.164,4152934,Low,Kalimantan Timur,-0.658815,116.918446
2007-01-11,15:00:00,210.398,9438205,Medium,Bali,-8.703017,115.325847
2007-01-11,16:00:00,132.825,27394679,High,Jakarta,-6.151348,106.700268
2007-01-11,17:00:00,113.203,28165557,High,Jawa Barat,-6.343048,107.334138
2007-01-11,18:00:00,52.278,6209056,Low,Jakarta,-6.140262,106.849252
2007-01-11,19:00:00,114.845,5747207,Low,Jawa Timur,-8.029986,112.716534
2007-01-11,20:00:00,68.48,2468214,Low,Jawa Timur,-7.069153,113.290442
2007-01-11,21:00:00,107.31,36875023,High,Sulawesi Selatan,-5.827168,119.280103
2007-01-11,22:00:00,97.631,18703798,Medium,Papua,-2.684804,137.404517
2007-01-11,23:00:00,88.217,6684491,Low,Bali,-8.394377,115.236561
2007-01-12,00:00:00,93.651,7067573,Low,Jawa Tengah,-6.55232,111.329379
2007-01-12,01:00:00,160.545,44434276,High,Jakarta,-6.163138,106.920688
2007-01-12,02:00:00,98.217,18973479,Medium,Jawa Timur,-7.771145,111.269334
2007-01-12,03:00:00,70.661,5579142,Low,Bali,-8.549026,115.298165
2007-01-12,04:00:00,103.319,40719774,High,Jakarta,-6.218296,106.934797
2007-01-12,05:00:00,93.189,10886556,Medium,Sulawesi Selatan,-2.813547,120.494948
2007-01-12,06:00:00,73.02,4856091,Low,Jawa Timur,-8.15302,112.857354
2007-01-12,07:00:00,95.789,14297971,Medium,Jawa Barat,-6.495613,106.375137
2007-01-12,08:00:00,76.348,8579019,Medium,Sumatera Selatan,-3.48104,105.396341
2007-01-12,09:00:00,68.841,7893162,Low,Jawa Tengah,-6.751991,110.736136
2007-01-12,10:00:00,81.015,4996669,Low,Papua,-4.056707,140.324582
2007-01-12,11:00:00,102.199,10656799,Medium,Jakarta,-6.245314,106.761147
2007-01-12,12:00:00,80.359,7336137,Low,Jakarta,-6.140374,106.797465
2007-01-12,13:00:00,102.874,14053239,Medium,Bali,-8.359294,114.941025
2007-01-12,14:00:00,54.364,2173882,Low,Jakarta,-6.205426,106.734799
2007-01-12,15:00:00,97.671,2284182,Low,Jawa Tengah,-7.082333,109.555609
2007-01-12,16:00:00,75.39,13539285,Medium,Jawa Timur,-8.142499,112.345011
2007-01-12,17:00:00,163.993,11332464,Medium,Sulawesi Selatan,-4.797661,118.617791
2007-01-12,18:00:00,124.746,8330828,Medium,Sulawesi Selatan,-2.512631,119.790074
2007-01-12,19:00:00,61.96,6262909,Low,Sumatera Selatan,-3.187895,104.938189
2007-01-12,20:00:00,72.048,8118424,Medium,Jawa Barat,-6.466988,107.141329
2007-01-12,21:00:00,143.955,19714925,Medium,Jawa Tengah,-6.502044,111.039306
2007-01-12,22:00:00,86.259,13618923,Medium,Bali,-8.291276,114.910412
2007-01-12,23:00:00,70.321,2141418,Low,Kalimantan Timur,-0.351696,118.182907
2007-01-13,00:00:00,39.551,6381614,Low,Jawa Timur,-8.162159,111.466799
2007-01-13,01:00:00,101.977,6549651,Low,Jawa Barat,-6.062184,106.601546
2007-01-13,02:00:00,78.444,5872889,Low,Kalimantan Timur,-0.44367,117.501686
2007-01-13,03:00:00,109.461,9046367,Medium,Jakarta,-6.192488,106.779107
2007-01-13,04:00:00,148.521,35658412,High,Jawa Timur,-7.906801,114.207079
2007-01-13,05:00:00,122.896,5603012,Low,Papua,-4.289724,134.821198
2007-01-13,06:00:00,336.861,25686331,High,Papua,-2.849822,134.5061
2007-01-13,07:00:00,167.92,14524436,Medium,Sumatera Selatan,-2.893548,103.105309
2007-01-13,08:00:00,89.508,12583684,Medium,Bali,-8.439611,114.966004
2007-01-13,09:00:00,137.846,17207778,Medium,Jawa Tengah,-6.560084,109.898525
2007-01-13,10:00:00,120.2,2611051,Low,Sumatera Selatan,-3.398364,105.227238
2007-01-13,11:00:00,51.787,5592225,Low,Bali,-8.774837,114.631455
2007-01-13,12:00:00,83.357,3313503,Low,Sumatera Selatan,-3.096109,103.350014
2007-01-13,13:00:00,49.217,3855725,Low,Jawa Tengah,-7.388353,110.467523
2007-01-13,14:00:00,113.379,11562890,Medium,Papua,-2.128352,136.370417
2007-01-13,15:00:00,93.051,13487877,Medium,Bali,-8.649514,114.767839
2007-01-13,16:00:00,63.967,7077134,Low,Sumatera Selatan,-2.552949,104.975567
2007-01-13,17:00:00,136.282,5188220,Low,Bali,-8.748153,114.539176
2007-01-13,18:00:00,195.37,13506831,Medium,Jawa Barat,-6.862166,108.057895
2007-01-13,19:00:00,190.573,18303714,Medium,Sulawesi Selatan,-2.717138,120.168037
2007-01-13,20:00:00,76.079,3063114,Low,Sumatera Selatan,-3.527598,105.185477
2007-01-13,21:00:00,166.685,2919806,Low,Bali,-8.778205,115.211079
2007-01-13,22:00:00,74.694,2289994,Low,Kalimantan Timur,-0.555916,116.694686
2007-01-13,23:00:00,217.688,15931911,Medium,Sulawesi Selatan,-5.46934,119.816208
2007-01-14,00:00:00,112.022,5547317,Low,Jawa Timur,-7.45913,111.229219
2007-01-14,01:00:00,79.991,18756639,Medium,Sumatera Utara,2.301736,97.780184
2007-01-14,02:00:00,192.955,11438155,Medium,Jawa Tengah,-7.599589,111.473183
2007-01-14,03:00:00,82.102,14650920,Medium,Jawa Timur,-7.686081,113.990601
2007-01-14,04:00:00,82.38,29138147,High,Jakarta,-6.050173,106.755252
2007-01-14,05:00:00,90.403,11366577,Medium,Jakarta,-6.107239,106.816946
2007-01-14,06:00:00,168.563,10412266,Medium,Kalimantan Timur,1.494146,118.196407
2007-01-14,07:00:00,91.388,3178656,Low,Jawa Timur,-7.539364,111.953875
2007-01-14,08:00:00,97.335,14186361,Medium,Jawa Barat,-6.053008,108.202347
2007-01-14,09:00:00,98.421,18533871,Medium,Sumatera Utara,3.371575,97.548346
2007-01-14,10:00:00,84.331,9713717,Medium,Bali,-8.457368,115.051427
2007-01-14,11:00:00,221.745,11954955,Medium,Jawa Barat,-6.977957,106.473852
2007-01-14,12:00:00,114.767,34129641,High,Sumatera Utara,2.577222,97.652161
2007-01-14,13:00:00,162.084,20910355,High,Bali,-8.328814,114.595347
2007-01-14,14:00:00,310.883,43510333,High,Jawa Barat,-6.48593,107.078907
2007-01-14,15:00:00,150.487,6694835,Low,Papua,-2.702995,137.690745
2007-01-14,16:00:00,69.223,4096979,Low,Bali,-8.466852,114.599416
2007-01-14,17:00:00,72.22,3290603,Low,Sumatera Selatan,-3.211821,104.227884
2007-01-14,18:00:00,70.214,9109050,Medium,Kalimantan Timur,0.990464,117.062851
2007-01-14,19:00:00,88.036,5752068,Low,Bali,-8.582881,115.378966
2007-01-14,20:00:00,131.721,15708731,Medium,Papua,-2.378815,140.908736
2007-01-14,21:00:00,51.557,4445047,Low,Jawa Barat,-6.665947,107.399677
2007-01-14,22:00:00,103.678,2734069,Low,Jawa Timur,-8.280266,111.643857
2007-01-14,23:00:00,62.297,4378361,Low,Jawa Tengah,-6.625537,109.884089
